title,episode
31화: 지켜주고 싶은 물고기 (시즌1 완결),https://comic.naver.com/webtoon/detail?titleId=813625&no=31&week=thu
30화: 경계하는 물고기,https://comic.naver.com/webtoon/detail?titleId=813625&no=30&week=thu
29화: 상처난 물고기,https://comic.naver.com/webtoon/detail?titleId=813625&no=29&week=thu
28화: 무력한 물고기,https://comic.naver.com/webtoon/detail?titleId=813625&no=28&week=thu
27화: 믿지 못할 물고기,https://comic.naver.com/webtoon/detail?titleId=813625&no=27&week=thu
26화: 첫 물고기,https://comic.naver.com/webtoon/detail?titleId=813625&no=26&week=thu
25화: 훅 들어오는 물고기,https://comic.naver.com/webtoon/detail?titleId=813625&no=25&week=thu
24화: 졸졸 따라다니는 물고기,https://comic.naver.com/webtoon/detail?titleId=813625&no=24&week=thu
23화: 꼬실 수 없는 물고기,https://comic.naver.com/webtoon/detail?titleId=813625&no=23&week=thu
22화: 속상한 물고기,https://comic.naver.com/webtoon/detail?titleId=813625&no=22&week=thu
21화: 운명론자 물고기,https://comic.naver.com/webtoon/detail?titleId=813625&no=21&week=thu
20화: 설레는 물고기,https://comic.naver.com/webtoon/detail?titleId=813625&no=20&week=thu
19화: 몸 사리는 물고기,https://comic.naver.com/webtoon/detail?titleId=813625&no=19&week=thu
18화: 도망치는 물고기,https://comic.naver.com/webtoon/detail?titleId=813625&no=18&week=thu
17화: 은혜 갚는 물고기,https://comic.naver.com/webtoon/detail?titleId=813625&no=17&week=thu
16화: 혼란한 물고기,https://comic.naver.com/webtoon/detail?titleId=813625&no=16&week=thu
15화: 통큰 물고기,https://comic.naver.com/webtoon/detail?titleId=813625&no=15&week=thu
14화: 용감한 물고기,https://comic.naver.com/webtoon/detail?titleId=813625&no=14&week=thu
13화: 후회하는 물고기,https://comic.naver.com/webtoon/detail?titleId=813625&no=13&week=thu
12화: 질투난 물고기,https://comic.naver.com/webtoon/detail?titleId=813625&no=12&week=thu
11화: 놀란 물고기,https://comic.naver.com/webtoon/detail?titleId=813625&no=11&week=thu
10화: 그리운 물고기,https://comic.naver.com/webtoon/detail?titleId=813625&no=10&week=thu
9화: 친절한 물고기,https://comic.naver.com/webtoon/detail?titleId=813625&no=9&week=thu
8화: 홀리는 물고기,https://comic.naver.com/webtoon/detail?titleId=813625&no=8&week=thu
7화: 쩔쩔매는 물고기,https://comic.naver.com/webtoon/detail?titleId=813625&no=7&week=thu
6화: 뻔뻔한 물고기,https://comic.naver.com/webtoon/detail?titleId=813625&no=6&week=thu
5화: 외로운 물고기,https://comic.naver.com/webtoon/detail?titleId=813625&no=5&week=thu
4화: 당황한 물고기,https://comic.naver.com/webtoon/detail?titleId=813625&no=4&week=thu
3화: 시크한 물고기,https://comic.naver.com/webtoon/detail?titleId=813625&no=3&week=thu
2화: 미스테리한 물고기,https://comic.naver.com/webtoon/detail?titleId=813625&no=2&week=thu
"1화: 남자 인어, 우연히 만난 물고기",https://comic.naver.com/webtoon/detail?titleId=813625&no=1&week=thu
